{"cameraMode":{"drawMode":0,"name":"Shaded","section":"Shading Mode"},"sceneLighting":false,"audioPlay":false,"sceneViewState":{"m_AlwaysRefresh":false,"showFog":true,"showSkybox":false,"showFlares":true,"showImageEffects":true,"showParticleSystems":true,"showVisualEffectGraphs":true,"m_FxEnabled":true},"in2DMode":false,"pivot":{"x":0.05462229251861572,"y":-0.7342686653137207,"z":-0.002246282994747162},"rotation":{"x":0.18321962654590608,"y":-0.09360381215810776,"z":0.017524374648928644,"w":0.9784542918205261},"size":1.9566078186035157,"orthographic":false}