{"cameraMode":{"drawMode":0,"name":"Shaded","section":"Shading Mode"},"sceneLighting":false,"audioPlay":false,"sceneViewState":{"m_AlwaysRefresh":false,"showFog":true,"showSkybox":false,"showFlares":true,"showImageEffects":true,"showParticleSystems":true,"showVisualEffectGraphs":true,"m_FxEnabled":true},"in2DMode":false,"pivot":{"x":-0.1848924160003662,"y":-0.5312793850898743,"z":1.3702430725097657},"rotation":{"x":0.6449496150016785,"y":-0.11060010641813278,"z":0.09508254379034043,"w":0.7501850128173828},"size":1.6172393560409547,"orthographic":false}