{"cameraMode":{"drawMode":0,"name":"Shaded","section":"Shading Mode"},"sceneLighting":true,"audioPlay":false,"sceneViewState":{"m_AlwaysRefresh":false,"showFog":true,"showSkybox":true,"showFlares":true,"showImageEffects":true,"showParticleSystems":true,"showVisualEffectGraphs":true,"m_FxEnabled":true},"in2DMode":false,"pivot":{"x":112.29047393798828,"y":107.76701354980469,"z":151.51943969726563},"rotation":{"x":0.24770867824554444,"y":-0.07632272690534592,"z":0.01957564242184162,"w":0.9656310081481934},"size":1.441811442375183,"orthographic":false}