{"cameraMode":{"drawMode":0,"name":"Shaded","section":"Shading Mode"},"sceneLighting":true,"audioPlay":false,"sceneViewState":{"m_AlwaysRefresh":false,"showFog":true,"showSkybox":true,"showFlares":true,"showImageEffects":true,"showParticleSystems":true,"showVisualEffectGraphs":true,"m_FxEnabled":true},"in2DMode":false,"pivot":{"x":106.3196029663086,"y":102.82701873779297,"z":124.07191467285156},"rotation":{"x":0.027655944228172303,"y":-0.9671884179115295,"z":0.2219860553741455,"w":0.12047223746776581},"size":2.665126323699951,"orthographic":false}