{"cameraMode":{"drawMode":0,"name":"Shaded","section":"Shading Mode"},"sceneLighting":true,"audioPlay":false,"sceneViewState":{"m_AlwaysRefresh":false,"showFog":true,"showSkybox":true,"showFlares":true,"showImageEffects":true,"showParticleSystems":true,"showVisualEffectGraphs":true,"m_FxEnabled":true},"in2DMode":false,"pivot":{"x":116.04286193847656,"y":102.6748275756836,"z":86.15379333496094},"rotation":{"x":0.07959942519664765,"y":-0.8294999003410339,"z":0.12298286706209183,"w":0.5391568541526794},"size":19.787492752075197,"orthographic":false}