{"cameraMode":{"drawMode":0,"name":"Shaded","section":"Shading Mode"},"sceneLighting":false,"audioPlay":false,"sceneViewState":{"m_AlwaysRefresh":false,"showFog":true,"showSkybox":false,"showFlares":true,"showImageEffects":true,"showParticleSystems":true,"showVisualEffectGraphs":true,"m_FxEnabled":true},"in2DMode":false,"pivot":{"x":-0.2367086410522461,"y":3.997718334197998,"z":0.43289661407470705},"rotation":{"x":0.006722870748490095,"y":0.9603205323219299,"z":0.023340068757534028,"w":-0.2779102325439453},"size":8.404353141784668,"orthographic":false}