{"cameraMode":{"drawMode":0,"name":"Shaded","section":"Shading Mode"},"sceneLighting":false,"audioPlay":false,"sceneViewState":{"m_AlwaysRefresh":false,"showFog":true,"showSkybox":false,"showFlares":true,"showImageEffects":true,"showParticleSystems":true,"showVisualEffectGraphs":true,"m_FxEnabled":true},"in2DMode":false,"pivot":{"x":86.80968475341797,"y":104.23286437988281,"z":146.43011474609376},"rotation":{"x":0.00035575739457271993,"y":-0.9996508955955505,"z":0.020105712115764619,"w":0.017417769879102708},"size":1.1952522993087769,"orthographic":false}