{"cameraMode":{"drawMode":0,"name":"Shaded","section":"Shading Mode"},"sceneLighting":false,"audioPlay":false,"sceneViewState":{"m_AlwaysRefresh":false,"showFog":true,"showSkybox":false,"showFlares":true,"showImageEffects":true,"showParticleSystems":true,"showVisualEffectGraphs":true,"m_FxEnabled":true},"in2DMode":false,"pivot":{"x":-0.0939321517944336,"y":7.439980506896973,"z":0.06397819519042969},"rotation":{"x":-0.050359684973955157,"y":0.9487075209617615,"z":-0.19804798066616059,"w":-0.24123841524124146},"size":16.180326461791993,"orthographic":true}