{"cameraMode":{"drawMode":0,"name":"Shaded","section":"Shading Mode"},"sceneLighting":false,"audioPlay":false,"sceneViewState":{"m_AlwaysRefresh":false,"showFog":true,"showSkybox":false,"showFlares":true,"showImageEffects":true,"showParticleSystems":true,"showVisualEffectGraphs":true,"m_FxEnabled":true},"in2DMode":false,"pivot":{"x":86.70599365234375,"y":106.61972045898438,"z":130.9513702392578},"rotation":{"x":-0.014614464715123177,"y":-0.9754564762115479,"z":-0.06828711926937103,"w":0.20885244011878968},"size":1.6726096868515015,"orthographic":false}