{"cameraMode":{"drawMode":0,"name":"Shaded","section":"Shading Mode"},"sceneLighting":false,"audioPlay":false,"sceneViewState":{"m_AlwaysRefresh":false,"showFog":true,"showSkybox":false,"showFlares":true,"showImageEffects":true,"showParticleSystems":true,"showVisualEffectGraphs":true,"m_FxEnabled":true},"in2DMode":false,"pivot":{"x":0.12659549713134767,"y":4.722928524017334,"z":0.7070846557617188},"rotation":{"x":0.006722870748490095,"y":0.9603205323219299,"z":0.023340068757534028,"w":-0.2779102325439453},"size":7.384181022644043,"orthographic":false}