{"cameraMode":{"drawMode":0,"name":"Shaded","section":"Shading Mode"},"sceneLighting":false,"audioPlay":false,"sceneViewState":{"m_AlwaysRefresh":false,"showFog":true,"showSkybox":false,"showFlares":true,"showImageEffects":true,"showParticleSystems":true,"showVisualEffectGraphs":true,"m_FxEnabled":true},"in2DMode":false,"pivot":{"x":-0.6285572052001953,"y":3.201671600341797,"z":-0.18839263916015626},"rotation":{"x":0.12326046079397202,"y":0.2540811598300934,"z":-0.03250623866915703,"w":0.9588675498962402},"size":12.38113021850586,"orthographic":false}