{"cameraMode":{"drawMode":0,"name":"Shaded","section":"Shading Mode"},"sceneLighting":false,"audioPlay":false,"sceneViewState":{"m_AlwaysRefresh":false,"showFog":true,"showSkybox":false,"showFlares":true,"showImageEffects":true,"showParticleSystems":true,"showVisualEffectGraphs":true,"m_FxEnabled":true},"in2DMode":false,"pivot":{"x":-0.0002627074718475342,"y":-0.05454280227422714,"z":-0.01016990840435028},"rotation":{"x":-0.0490608885884285,"y":-0.9497079253196716,"z":0.1899135261774063,"w":-0.24450935423374177},"size":0.3818916082382202,"orthographic":false}