{"cameraMode":{"drawMode":0,"name":"Shaded","section":"Shading Mode"},"sceneLighting":false,"audioPlay":false,"sceneViewState":{"m_AlwaysRefresh":false,"showFog":true,"showSkybox":false,"showFlares":true,"showImageEffects":true,"showParticleSystems":true,"showVisualEffectGraphs":true,"m_FxEnabled":true},"in2DMode":false,"pivot":{"x":-0.002887636423110962,"y":0.0879351794719696,"z":0.3292127847671509},"rotation":{"x":0.30995720624923708,"y":0.2521894574165344,"z":-0.08549518883228302,"w":0.9128260612487793},"size":1.473068356513977,"orthographic":false}