{"cameraMode":{"drawMode":0,"name":"Shaded","section":"Shading Mode"},"sceneLighting":false,"audioPlay":false,"sceneViewState":{"m_AlwaysRefresh":false,"showFog":false,"showSkybox":false,"showFlares":false,"showImageEffects":false,"showParticleSystems":false,"showVisualEffectGraphs":true,"m_FxEnabled":true},"in2DMode":false,"pivot":{"x":0.19091370701789857,"y":0.4836256504058838,"z":-1.2589778900146485},"rotation":{"x":-0.013363129459321499,"y":-0.9750462770462036,"z":0.21393878757953645,"w":-0.059654008597135547},"size":1.6657780408859254,"orthographic":false}