{"cameraMode":{"drawMode":2,"name":"Shaded Wireframe","section":"Shading Mode"},"sceneLighting":false,"audioPlay":false,"sceneViewState":{"m_AlwaysRefresh":false,"showFog":true,"showSkybox":false,"showFlares":true,"showImageEffects":true,"showParticleSystems":true,"showVisualEffectGraphs":true,"m_FxEnabled":true},"in2DMode":false,"pivot":{"x":0.024660587310791017,"y":0.7808709740638733,"z":0.13654661178588868},"rotation":{"x":0.00035575739457271993,"y":-0.9996508955955505,"z":0.020105712115764619,"w":0.017417769879102708},"size":1.9177762269973755,"orthographic":false}