{"cameraMode":{"drawMode":0,"name":"Shaded","section":"Shading Mode"},"sceneLighting":false,"audioPlay":false,"sceneViewState":{"m_AlwaysRefresh":false,"showFog":false,"showSkybox":false,"showFlares":false,"showImageEffects":false,"showParticleSystems":false,"showVisualEffectGraphs":true,"m_FxEnabled":true},"in2DMode":false,"pivot":{"x":0.02029780112206936,"y":-0.5577498078346252,"z":-1.1777130365371705},"rotation":{"x":-0.00010911872232099995,"y":-0.9150134325027466,"z":0.40369945764541628,"w":0.00041640299605205655},"size":2.6308600902557375,"orthographic":false}