{"cameraMode":{"drawMode":0,"name":"Shaded","section":"Shading Mode"},"sceneLighting":false,"audioPlay":false,"sceneViewState":{"m_AlwaysRefresh":false,"showFog":true,"showSkybox":false,"showFlares":true,"showImageEffects":true,"showParticleSystems":true,"showVisualEffectGraphs":true,"m_FxEnabled":true},"in2DMode":false,"pivot":{"x":0.0033288002014160158,"y":-0.59037184715271,"z":-0.005297869443893433},"rotation":{"x":0.18321962654590608,"y":-0.09360381215810776,"z":0.017524374648928644,"w":0.9784542918205261},"size":1.0791456699371338,"orthographic":false}