{"cameraMode":{"drawMode":0,"name":"Shaded","section":"Shading Mode"},"sceneLighting":false,"audioPlay":false,"sceneViewState":{"m_AlwaysRefresh":false,"showFog":true,"showSkybox":false,"showFlares":true,"showImageEffects":true,"showParticleSystems":true,"showVisualEffectGraphs":true,"m_FxEnabled":true},"in2DMode":false,"pivot":{"x":-0.0010945796966552735,"y":-1.1942884922027588,"z":-0.0026318728923797609},"rotation":{"x":0.18321962654590608,"y":-0.09360381215810776,"z":0.017524374648928644,"w":0.9784542918205261},"size":1.5324900150299073,"orthographic":false}