{"cameraMode":{"drawMode":0,"name":"Shaded","section":"Shading Mode"},"sceneLighting":false,"audioPlay":false,"sceneViewState":{"m_AlwaysRefresh":false,"showFog":true,"showSkybox":false,"showFlares":true,"showImageEffects":true,"showParticleSystems":true,"showVisualEffectGraphs":true,"m_FxEnabled":true},"in2DMode":false,"pivot":{"x":-0.24612371623516084,"y":-0.31871864199638369,"z":0.296154260635376},"rotation":{"x":0.18321962654590608,"y":-0.09360381215810776,"z":0.017524374648928644,"w":0.9784542918205261},"size":1.8275229930877686,"orthographic":false}